Order_ID,Return_Date,Return_Reason
ORD-10005,2026-02-10,Unsatisfied
ORD-10006,2025-09-25,Unsatisfied
ORD-10018,2024-06-23,Defective
ORD-10037,2024-09-03,Unsatisfied
ORD-10040,2026-03-18,Wrong Item
ORD-10041,2025-10-23,Defective
ORD-10048,2025-09-13,Wrong Item
ORD-10056,2024-01-13,Defective
ORD-10068,2025-01-21,Unsatisfied
ORD-10077,2024-05-12,Defective
ORD-10078,2025-03-15,Delayed Delivery
ORD-10082,2025-06-03,Unsatisfied
ORD-10084,2026-04-03,Delayed Delivery
ORD-10086,2024-05-04,Unsatisfied
ORD-10090,2025-07-20,Defective
ORD-10094,2024-09-30,Defective
ORD-10103,2024-08-29,Unsatisfied
ORD-10110,2024-10-10,Defective
ORD-10115,2024-08-02,Defective
ORD-10118,2025-06-11,Defective
ORD-10127,2025-06-20,Defective
ORD-10145,2024-06-28,Delayed Delivery
ORD-10147,2024-03-18,Defective
ORD-10159,2024-05-25,Defective
ORD-10166,2024-04-26,Defective
ORD-10168,2024-04-27,Unsatisfied
ORD-10169,2024-09-02,Wrong Item
ORD-10191,2025-02-17,Delayed Delivery
ORD-10206,2024-08-25,Defective
ORD-10210,2025-04-07,Unsatisfied
ORD-10233,2024-06-06,Wrong Item
ORD-10236,2024-10-20,Unsatisfied
ORD-10248,2024-07-16,Defective
ORD-10252,2024-11-13,Defective
ORD-10279,2024-01-29,Defective
ORD-10283,2024-04-17,Unsatisfied
ORD-10292,2025-02-16,Unsatisfied
ORD-10300,2024-08-15,Defective
ORD-10303,2024-05-20,Unsatisfied
ORD-10309,2024-05-21,Defective
ORD-10315,2025-10-24,Defective
ORD-10331,2024-05-31,Delayed Delivery
ORD-10335,2026-06-04,Wrong Item
ORD-10340,2026-06-02,Wrong Item
ORD-10344,2024-04-03,Delayed Delivery
ORD-10353,2024-07-21,Delayed Delivery
ORD-10354,2024-02-20,Delayed Delivery
ORD-10364,2024-03-13,Unsatisfied
ORD-10372,2024-05-05,Unsatisfied
ORD-10379,2024-08-23,Delayed Delivery
ORD-10389,2024-04-12,Defective
ORD-10399,2024-04-15,Defective
ORD-10402,2024-08-26,Wrong Item
ORD-10404,2025-05-13,Delayed Delivery
ORD-10408,2025-08-03,Defective
ORD-10410,2024-07-28,Wrong Item
ORD-10417,2026-05-29,Unsatisfied
ORD-10419,2024-12-30,Defective
ORD-10429,2026-06-02,Delayed Delivery
ORD-10439,2026-02-21,Delayed Delivery
ORD-10442,2024-04-06,Delayed Delivery
ORD-10446,2025-01-16,Wrong Item
ORD-10450,2025-04-24,Wrong Item
ORD-10452,2024-11-06,Delayed Delivery
ORD-10458,2026-03-04,Defective
ORD-10462,2024-11-03,Delayed Delivery
ORD-10465,2026-03-17,Delayed Delivery
ORD-10469,2024-09-26,Wrong Item
ORD-10483,2024-12-06,Defective
ORD-10484,2025-01-10,Wrong Item
ORD-10504,2024-09-22,Wrong Item
ORD-10505,2024-10-09,Wrong Item
ORD-10511,2024-01-30,Delayed Delivery
ORD-10518,2025-05-26,Delayed Delivery
ORD-10527,2024-01-13,Unsatisfied
ORD-10537,2025-11-08,Defective
ORD-10544,2025-04-30,Wrong Item
ORD-10555,2024-09-29,Unsatisfied
ORD-10566,2025-07-08,Unsatisfied
ORD-10585,2024-03-11,Defective
ORD-10589,2024-03-18,Delayed Delivery
ORD-10590,2024-11-12,Defective
ORD-10596,2024-04-11,Defective
ORD-10602,2024-02-17,Wrong Item
ORD-10606,2025-02-06,Delayed Delivery
ORD-10611,2024-03-06,Unsatisfied
ORD-10612,2024-01-28,Wrong Item
ORD-10620,2024-04-19,Defective
ORD-10622,2024-11-05,Defective
ORD-10633,2025-11-10,Delayed Delivery
ORD-10664,2025-02-26,Unsatisfied
ORD-10687,2024-08-28,Unsatisfied
ORD-10692,2024-07-25,Defective
ORD-10695,2025-02-20,Delayed Delivery
ORD-10696,2024-09-19,Wrong Item
ORD-10707,2024-03-04,Delayed Delivery
ORD-10712,2025-03-25,Unsatisfied
ORD-10727,2024-08-25,Defective
ORD-10735,2025-04-01,Delayed Delivery
ORD-10741,2025-05-15,Wrong Item
ORD-10754,2025-06-18,Defective
ORD-10755,2024-09-16,Unsatisfied
ORD-10758,2024-02-21,Defective
ORD-10770,2024-02-05,Wrong Item
ORD-10771,2024-11-07,Defective
ORD-10772,2024-04-07,Delayed Delivery
ORD-10786,2024-05-03,Unsatisfied
ORD-10791,2024-09-08,Unsatisfied
ORD-10794,2025-10-24,Wrong Item
ORD-10795,2026-05-27,Unsatisfied
ORD-10803,2024-03-06,Wrong Item
ORD-10814,2025-02-10,Delayed Delivery
ORD-10822,2024-05-18,Unsatisfied
ORD-10823,2024-08-31,Wrong Item
ORD-10837,2024-12-03,Wrong Item
ORD-10844,2026-05-26,Defective
ORD-10868,2026-06-02,Defective
ORD-10880,2024-02-05,Delayed Delivery
ORD-10881,2026-02-02,Wrong Item
ORD-10882,2026-01-21,Defective
ORD-10890,2025-03-27,Delayed Delivery
ORD-10894,2024-03-30,Unsatisfied
ORD-10898,2025-02-23,Defective
ORD-10904,2024-02-02,Unsatisfied
ORD-10932,2024-12-18,Delayed Delivery
ORD-10936,2024-04-14,Unsatisfied
ORD-10942,2026-01-26,Wrong Item
ORD-10945,2026-05-30,Unsatisfied
ORD-10948,2026-03-13,Wrong Item
ORD-10949,2025-04-26,Delayed Delivery
ORD-10957,2024-09-17,Delayed Delivery
ORD-10966,2025-02-01,Defective
ORD-10971,2026-03-19,Unsatisfied
ORD-10974,2026-05-25,Unsatisfied
ORD-10978,2024-02-06,Delayed Delivery
ORD-10983,2024-09-28,Defective
ORD-10992,2026-06-09,Unsatisfied
ORD-10999,2026-02-13,Unsatisfied
ORD-11001,2024-04-02,Defective
ORD-11002,2024-06-22,Delayed Delivery
ORD-11005,2024-07-21,Delayed Delivery
ORD-11013,2025-01-21,Delayed Delivery
ORD-11027,2024-12-04,Defective
ORD-11032,2026-03-02,Wrong Item
ORD-11035,2024-10-20,Defective
ORD-11053,2025-12-05,Wrong Item
ORD-11057,2024-05-24,Unsatisfied
ORD-11082,2024-07-16,Delayed Delivery
ORD-11089,2026-05-26,Delayed Delivery
ORD-11094,2024-06-25,Delayed Delivery
ORD-11103,2026-05-11,Wrong Item
ORD-11114,2024-02-12,Wrong Item
ORD-11125,2025-05-01,Delayed Delivery
ORD-11139,2024-07-20,Delayed Delivery
ORD-11142,2024-05-30,Unsatisfied
ORD-11148,2026-05-22,Unsatisfied
ORD-11154,2024-04-22,Defective
ORD-11157,2026-05-03,Wrong Item
ORD-11165,2024-07-31,Wrong Item
ORD-11169,2024-11-01,Delayed Delivery
ORD-11172,2024-09-04,Wrong Item
ORD-11178,2025-04-11,Delayed Delivery
ORD-11180,2025-04-25,Defective
ORD-11189,2024-01-14,Delayed Delivery
ORD-11190,2024-03-07,Delayed Delivery
ORD-11193,2024-11-30,Wrong Item
ORD-11207,2024-09-18,Defective
ORD-11215,2024-08-13,Wrong Item
ORD-11232,2024-12-31,Unsatisfied
ORD-11235,2024-08-29,Delayed Delivery
ORD-11237,2024-03-07,Delayed Delivery
ORD-11238,2024-05-02,Delayed Delivery
ORD-11244,2024-05-22,Delayed Delivery
ORD-11275,2024-02-29,Delayed Delivery
ORD-11281,2025-08-18,Defective
ORD-11288,2024-02-23,Defective
ORD-11296,2024-06-04,Delayed Delivery
ORD-11301,2025-01-30,Wrong Item
ORD-11308,2024-05-31,Wrong Item
ORD-11309,2024-03-06,Unsatisfied
ORD-11313,2025-03-28,Wrong Item
ORD-11315,2024-02-24,Defective
ORD-11320,2025-04-19,Defective
ORD-11338,2024-02-08,Unsatisfied
ORD-11348,2024-04-04,Unsatisfied
ORD-11361,2024-05-15,Unsatisfied
ORD-11364,2025-03-24,Wrong Item
ORD-11366,2025-01-31,Unsatisfied
ORD-11369,2024-07-18,Defective
ORD-11374,2026-05-27,Wrong Item
ORD-11381,2025-03-05,Delayed Delivery
ORD-11384,2024-06-20,Delayed Delivery
ORD-11403,2024-01-18,Defective
ORD-11404,2024-05-01,Wrong Item
ORD-11406,2025-03-31,Unsatisfied
ORD-11409,2024-05-16,Delayed Delivery
ORD-11413,2024-12-28,Delayed Delivery
ORD-11421,2024-02-06,Defective
ORD-11431,2024-10-21,Delayed Delivery
ORD-11441,2025-10-19,Wrong Item
ORD-11445,2025-03-14,Wrong Item
ORD-11451,2025-05-15,Wrong Item
ORD-11453,2024-02-24,Delayed Delivery
ORD-11457,2025-07-11,Wrong Item
ORD-11478,2024-06-30,Delayed Delivery
ORD-11483,2025-10-19,Unsatisfied
ORD-11493,2025-01-08,Wrong Item
ORD-11509,2026-01-18,Delayed Delivery
ORD-11514,2026-02-07,Wrong Item
ORD-11516,2024-06-02,Wrong Item
ORD-11520,2024-06-18,Unsatisfied
ORD-11525,2025-02-19,Wrong Item
ORD-11528,2026-06-08,Wrong Item
ORD-11529,2026-02-12,Defective
ORD-11532,2024-04-06,Unsatisfied
ORD-11538,2024-09-15,Delayed Delivery
ORD-11541,2026-01-08,Defective
ORD-11551,2024-10-24,Delayed Delivery
ORD-11563,2025-05-19,Delayed Delivery
ORD-11569,2025-08-18,Delayed Delivery
ORD-11579,2024-03-19,Wrong Item
ORD-11582,2026-05-28,Defective
ORD-11597,2024-09-27,Defective
ORD-11633,2024-04-11,Wrong Item
ORD-11634,2025-01-22,Unsatisfied
ORD-11661,2024-05-06,Wrong Item
ORD-11671,2025-02-07,Defective
ORD-11684,2026-02-05,Unsatisfied
ORD-11718,2024-05-03,Delayed Delivery
ORD-11720,2025-02-21,Unsatisfied
ORD-11726,2024-04-27,Defective
ORD-11746,2025-01-27,Defective
ORD-11757,2024-10-04,Defective
ORD-11760,2024-05-30,Delayed Delivery
ORD-11764,2024-11-16,Unsatisfied
ORD-11772,2024-04-18,Delayed Delivery
ORD-11773,2024-11-23,Delayed Delivery
ORD-11775,2025-04-26,Delayed Delivery
ORD-11776,2024-03-03,Defective
ORD-11794,2024-08-01,Defective
ORD-11811,2025-07-16,Delayed Delivery
ORD-11820,2024-01-20,Unsatisfied
ORD-11829,2024-03-17,Unsatisfied
ORD-11830,2026-03-01,Unsatisfied
ORD-11834,2025-06-01,Delayed Delivery
ORD-11836,2025-12-17,Wrong Item
ORD-11839,2024-06-30,Defective
ORD-11853,2024-05-08,Delayed Delivery
ORD-11858,2025-10-30,Defective
ORD-11863,2025-02-04,Delayed Delivery
ORD-11866,2025-07-17,Wrong Item
ORD-11867,2025-07-15,Wrong Item
ORD-11890,2024-06-28,Wrong Item
ORD-11900,2024-04-28,Defective
ORD-11903,2024-02-09,Wrong Item
ORD-11904,2024-04-26,Defective
ORD-11911,2026-04-15,Defective
ORD-11917,2025-02-25,Unsatisfied
ORD-11919,2024-03-15,Defective
ORD-11921,2026-02-26,Wrong Item
ORD-11961,2025-03-07,Wrong Item
ORD-11972,2024-06-05,Defective
ORD-11978,2025-01-22,Defective
ORD-11985,2024-09-16,Wrong Item
ORD-11990,2025-03-06,Wrong Item
ORD-12006,2024-11-27,Delayed Delivery
ORD-12009,2024-04-05,Delayed Delivery
ORD-12026,2024-08-19,Wrong Item
ORD-12037,2024-04-21,Delayed Delivery
ORD-12046,2025-06-02,Defective
ORD-12048,2024-12-25,Defective
ORD-12050,2024-07-21,Delayed Delivery
ORD-12081,2026-06-09,Wrong Item
ORD-12084,2024-01-25,Unsatisfied
ORD-12098,2024-09-09,Defective
ORD-12102,2024-04-03,Delayed Delivery
ORD-12109,2025-01-28,Delayed Delivery
ORD-12120,2024-01-30,Unsatisfied
ORD-12126,2024-07-14,Delayed Delivery
ORD-12135,2024-09-27,Defective
ORD-12154,2026-02-05,Defective
ORD-12160,2025-02-01,Unsatisfied
ORD-12171,2024-12-26,Defective
ORD-12182,2025-04-16,Defective
ORD-12186,2025-09-03,Delayed Delivery
ORD-12191,2024-05-04,Unsatisfied
ORD-12192,2024-04-22,Unsatisfied
ORD-12201,2025-11-27,Defective
ORD-12203,2024-02-24,Unsatisfied
ORD-12212,2024-01-26,Defective
ORD-12218,2024-07-15,Defective
ORD-12235,2024-05-01,Defective
ORD-12236,2026-03-21,Wrong Item
ORD-12250,2025-12-08,Delayed Delivery
ORD-12259,2024-02-11,Defective
ORD-12265,2024-10-08,Defective
ORD-12276,2024-03-01,Defective
ORD-12279,2024-02-17,Delayed Delivery
ORD-12284,2024-10-18,Unsatisfied
ORD-12288,2024-05-05,Wrong Item
ORD-12302,2025-08-26,Delayed Delivery
ORD-12307,2026-05-27,Defective
ORD-12312,2026-03-08,Defective
ORD-12313,2026-04-01,Defective
ORD-12316,2024-03-27,Wrong Item
ORD-12319,2026-03-26,Defective
ORD-12320,2024-03-08,Defective
ORD-12322,2026-06-08,Wrong Item
ORD-12329,2024-11-28,Delayed Delivery
ORD-12331,2024-12-17,Delayed Delivery
ORD-12381,2024-09-26,Delayed Delivery
ORD-12401,2024-10-27,Defective
ORD-12402,2024-05-05,Delayed Delivery
ORD-12404,2026-05-16,Delayed Delivery
ORD-12413,2024-01-28,Delayed Delivery
ORD-12416,2024-07-22,Unsatisfied
ORD-12420,2024-02-27,Unsatisfied
ORD-12425,2025-07-25,Unsatisfied
ORD-12428,2024-02-25,Wrong Item
ORD-12453,2025-01-24,Defective
ORD-12454,2026-01-16,Unsatisfied
ORD-12456,2024-04-06,Wrong Item
ORD-12458,2024-11-16,Defective
ORD-12459,2025-04-28,Unsatisfied
ORD-12464,2024-01-31,Unsatisfied
ORD-12477,2025-10-17,Delayed Delivery
ORD-12502,2024-06-24,Unsatisfied
ORD-12516,2024-12-28,Delayed Delivery
ORD-12523,2024-07-10,Wrong Item
ORD-12524,2024-02-26,Wrong Item
ORD-12533,2024-04-08,Unsatisfied
ORD-12534,2024-09-22,Wrong Item
ORD-12541,2024-06-30,Delayed Delivery
ORD-12544,2024-11-03,Unsatisfied
ORD-12552,2025-03-02,Wrong Item
ORD-12554,2024-11-11,Delayed Delivery
ORD-12557,2024-10-20,Defective
ORD-12567,2024-12-01,Delayed Delivery
ORD-12571,2024-04-04,Delayed Delivery
ORD-12575,2024-12-26,Defective
ORD-12579,2024-03-13,Unsatisfied
ORD-12583,2025-11-12,Wrong Item
ORD-12584,2025-10-31,Delayed Delivery
ORD-12588,2026-05-17,Defective
ORD-12617,2024-03-12,Unsatisfied
ORD-12622,2026-04-11,Delayed Delivery
ORD-12628,2024-09-25,Unsatisfied
ORD-12632,2025-11-24,Wrong Item
ORD-12658,2024-11-10,Delayed Delivery
ORD-12671,2024-03-14,Defective
ORD-12677,2024-07-14,Defective
ORD-12680,2025-05-24,Defective
ORD-12686,2024-05-13,Defective
ORD-12688,2024-06-21,Defective
ORD-12700,2024-04-12,Defective
ORD-12703,2024-02-04,Defective
ORD-12713,2025-03-29,Delayed Delivery
ORD-12721,2026-02-02,Defective
ORD-12733,2024-12-27,Defective
ORD-12734,2024-05-23,Delayed Delivery
ORD-12738,2024-04-12,Delayed Delivery
ORD-12761,2024-05-23,Wrong Item
ORD-12767,2025-04-25,Unsatisfied
ORD-12773,2024-03-25,Unsatisfied
ORD-12779,2026-02-28,Defective
ORD-12784,2025-04-30,Wrong Item
ORD-12787,2026-01-27,Defective
ORD-12793,2024-09-25,Delayed Delivery
ORD-12806,2024-06-19,Delayed Delivery
ORD-12809,2025-04-02,Wrong Item
ORD-12810,2025-01-26,Wrong Item
ORD-12821,2025-05-08,Wrong Item
ORD-12828,2026-01-31,Delayed Delivery
ORD-12835,2024-07-12,Defective
ORD-12859,2024-06-29,Unsatisfied
ORD-12862,2025-01-16,Wrong Item
ORD-12863,2025-09-13,Defective
ORD-12864,2024-04-29,Defective
ORD-12868,2025-10-12,Unsatisfied
ORD-12871,2025-08-09,Defective
ORD-12878,2024-06-20,Defective
ORD-12891,2025-04-27,Unsatisfied
ORD-12904,2024-02-07,Defective
ORD-12910,2024-01-30,Delayed Delivery
ORD-12916,2024-10-25,Delayed Delivery
ORD-12917,2025-04-11,Delayed Delivery
ORD-12923,2025-05-28,Unsatisfied
ORD-12931,2025-06-07,Unsatisfied
ORD-12935,2026-03-31,Wrong Item
ORD-12936,2024-12-11,Wrong Item
ORD-12937,2026-05-23,Unsatisfied
ORD-12940,2025-06-21,Delayed Delivery
ORD-12942,2024-01-19,Unsatisfied
ORD-12988,2024-07-13,Delayed Delivery
ORD-12990,2025-12-26,Delayed Delivery
ORD-12994,2025-01-01,Defective
ORD-12999,2024-01-29,Defective
ORD-13046,2024-08-28,Defective
ORD-13066,2024-03-18,Delayed Delivery
ORD-13070,2024-04-29,Defective
ORD-13080,2024-05-12,Defective
ORD-13089,2025-11-20,Wrong Item
ORD-13092,2026-04-26,Wrong Item
ORD-13097,2024-05-01,Delayed Delivery
ORD-13110,2024-01-27,Defective
ORD-13115,2025-05-05,Defective
ORD-13118,2025-07-07,Unsatisfied
ORD-13126,2024-05-19,Wrong Item
ORD-13129,2024-04-30,Delayed Delivery
ORD-13130,2024-04-24,Wrong Item
ORD-13146,2025-06-13,Defective
ORD-13150,2026-05-18,Defective
ORD-13157,2024-09-04,Defective
ORD-13163,2024-11-13,Delayed Delivery
ORD-13164,2026-06-09,Defective
ORD-13171,2025-01-10,Delayed Delivery
ORD-13172,2024-10-30,Defective
ORD-13176,2024-10-03,Wrong Item
ORD-13178,2025-02-06,Unsatisfied
ORD-13189,2026-05-14,Delayed Delivery
ORD-13192,2024-09-05,Defective
ORD-13194,2024-05-05,Unsatisfied
ORD-13196,2024-05-05,Unsatisfied
ORD-13207,2024-04-08,Delayed Delivery
ORD-13208,2025-11-27,Unsatisfied
ORD-13230,2024-11-03,Delayed Delivery
ORD-13237,2024-10-16,Delayed Delivery
ORD-13239,2024-06-18,Delayed Delivery
ORD-13258,2024-03-18,Defective
ORD-13260,2024-09-30,Wrong Item
ORD-13263,2024-07-09,Defective
ORD-13293,2024-12-19,Wrong Item
ORD-13297,2026-05-20,Wrong Item
ORD-13304,2024-10-28,Unsatisfied
ORD-13306,2025-03-22,Wrong Item
ORD-13313,2024-08-13,Unsatisfied
ORD-13314,2026-02-07,Wrong Item
ORD-13315,2024-08-21,Unsatisfied
ORD-13333,2025-01-25,Defective
ORD-13341,2024-09-28,Delayed Delivery
ORD-13353,2026-05-27,Defective
ORD-13365,2025-01-14,Defective
ORD-13407,2024-02-24,Delayed Delivery
ORD-13414,2024-12-09,Delayed Delivery
ORD-13416,2025-05-08,Delayed Delivery
ORD-13425,2024-03-15,Defective
ORD-13430,2025-11-06,Defective
ORD-13431,2025-06-19,Unsatisfied
ORD-13433,2024-02-09,Wrong Item
ORD-13435,2025-01-14,Delayed Delivery
ORD-13436,2024-04-29,Delayed Delivery
ORD-13448,2024-07-22,Delayed Delivery
ORD-13484,2024-02-07,Unsatisfied
ORD-13485,2024-07-15,Delayed Delivery
ORD-13487,2026-05-23,Defective
ORD-13492,2024-06-10,Defective
ORD-13501,2024-03-03,Wrong Item
ORD-13507,2025-02-18,Unsatisfied
ORD-13509,2025-09-26,Wrong Item
ORD-13512,2024-12-27,Delayed Delivery
ORD-13515,2026-05-08,Wrong Item
ORD-13530,2025-01-22,Unsatisfied
ORD-13542,2024-11-08,Wrong Item
ORD-13543,2025-03-04,Unsatisfied
ORD-13555,2026-06-04,Defective
ORD-13564,2024-10-13,Unsatisfied
ORD-13601,2024-11-25,Unsatisfied
ORD-13626,2025-12-19,Unsatisfied
ORD-13633,2026-05-26,Unsatisfied
ORD-13644,2024-12-16,Delayed Delivery
ORD-13648,2025-03-24,Defective
ORD-13654,2024-02-04,Delayed Delivery
ORD-13655,2024-02-11,Defective
ORD-13658,2024-02-19,Defective
ORD-13662,2025-04-01,Delayed Delivery
ORD-13671,2024-07-26,Defective
ORD-13689,2024-06-06,Defective
ORD-13691,2025-10-22,Delayed Delivery
ORD-13694,2024-10-19,Defective
ORD-13699,2024-09-02,Wrong Item
ORD-13709,2024-12-09,Defective
ORD-13720,2025-07-08,Defective
ORD-13727,2024-02-03,Delayed Delivery
ORD-13733,2024-11-12,Delayed Delivery
ORD-13737,2025-06-18,Delayed Delivery
ORD-13762,2025-11-27,Defective
ORD-13772,2024-03-12,Unsatisfied
ORD-13779,2025-09-09,Unsatisfied
ORD-13828,2025-08-08,Defective
ORD-13833,2024-09-26,Unsatisfied
ORD-13836,2024-04-04,Unsatisfied
ORD-13838,2025-05-25,Defective
ORD-13840,2024-02-03,Wrong Item
ORD-13901,2024-07-29,Wrong Item
ORD-13914,2025-09-05,Defective
ORD-13927,2024-07-02,Defective
ORD-13932,2025-04-28,Defective
ORD-13941,2025-02-19,Unsatisfied
ORD-13943,2024-10-29,Wrong Item
ORD-13947,2025-01-24,Delayed Delivery
ORD-13951,2025-07-10,Defective
ORD-13961,2025-02-15,Defective
ORD-13966,2025-06-27,Defective
ORD-13990,2025-03-21,Wrong Item
ORD-13994,2025-02-06,Delayed Delivery
ORD-14001,2024-01-17,Delayed Delivery
ORD-14002,2025-01-10,Unsatisfied
ORD-14005,2024-05-09,Wrong Item
ORD-14013,2024-09-21,Delayed Delivery
ORD-14017,2025-05-25,Defective
ORD-14030,2025-06-06,Unsatisfied
ORD-14037,2024-02-05,Wrong Item
ORD-14051,2024-06-18,Defective
ORD-14076,2025-12-21,Wrong Item
ORD-14082,2024-03-30,Defective
ORD-14083,2026-06-01,Defective
ORD-14089,2024-03-08,Defective
ORD-14091,2026-03-31,Defective
ORD-14092,2024-02-17,Wrong Item
ORD-14101,2024-06-25,Defective
ORD-14121,2026-03-04,Delayed Delivery
ORD-14122,2024-08-27,Unsatisfied
ORD-14138,2025-02-18,Defective
ORD-14144,2024-01-14,Unsatisfied
ORD-14167,2024-08-29,Delayed Delivery
ORD-14178,2025-01-24,Wrong Item
ORD-14179,2024-01-31,Delayed Delivery
ORD-14186,2025-03-07,Delayed Delivery
ORD-14198,2024-12-24,Delayed Delivery
ORD-14201,2024-05-05,Delayed Delivery
ORD-14226,2024-07-06,Defective
ORD-14234,2024-05-04,Unsatisfied
ORD-14235,2025-11-27,Delayed Delivery
ORD-14237,2025-02-17,Unsatisfied
ORD-14241,2024-08-25,Unsatisfied
ORD-14242,2024-06-08,Defective
ORD-14244,2024-04-17,Wrong Item
ORD-14249,2024-01-31,Wrong Item
ORD-14253,2025-01-01,Delayed Delivery
ORD-14258,2025-06-30,Defective
ORD-14265,2025-04-18,Defective
ORD-14267,2025-05-01,Defective
ORD-14268,2026-02-15,Unsatisfied
ORD-14273,2024-11-25,Defective
ORD-14297,2025-08-11,Defective
ORD-14299,2025-06-10,Unsatisfied
ORD-14312,2026-06-01,Delayed Delivery
ORD-14333,2024-04-27,Defective
ORD-14334,2026-05-01,Defective
ORD-14341,2024-09-18,Wrong Item
ORD-14361,2025-09-28,Delayed Delivery
ORD-14375,2025-01-23,Defective
ORD-14388,2024-12-28,Unsatisfied
ORD-14389,2025-06-13,Defective
ORD-14401,2024-05-24,Delayed Delivery
ORD-14427,2024-12-05,Defective
ORD-14430,2024-03-27,Defective
ORD-14443,2025-02-19,Defective
ORD-14459,2024-08-08,Defective
ORD-14462,2024-07-11,Delayed Delivery
ORD-14464,2024-09-03,Wrong Item
ORD-14465,2024-06-26,Unsatisfied
ORD-14484,2025-08-28,Wrong Item
ORD-14485,2024-03-28,Wrong Item
ORD-14488,2024-05-30,Defective
ORD-14501,2025-02-26,Defective
ORD-14507,2024-07-23,Delayed Delivery
ORD-14515,2024-02-16,Delayed Delivery
ORD-14520,2024-03-27,Delayed Delivery
ORD-14521,2024-06-05,Unsatisfied
ORD-14531,2025-01-06,Wrong Item
ORD-14551,2025-01-31,Defective
ORD-14559,2024-08-24,Unsatisfied
ORD-14579,2024-02-14,Delayed Delivery
ORD-14604,2025-11-12,Unsatisfied
ORD-14607,2024-12-19,Wrong Item
ORD-14609,2026-02-27,Defective
ORD-14646,2024-04-02,Delayed Delivery
ORD-14656,2024-02-04,Defective
ORD-14685,2025-05-10,Delayed Delivery
ORD-14686,2025-03-21,Defective
ORD-14693,2025-03-04,Delayed Delivery
ORD-14694,2024-08-08,Unsatisfied
ORD-14702,2024-03-07,Wrong Item
ORD-14717,2026-04-10,Defective
ORD-14728,2024-07-19,Unsatisfied
ORD-14729,2024-06-30,Defective
ORD-14732,2024-09-27,Delayed Delivery
ORD-14734,2025-01-02,Wrong Item
ORD-14741,2024-03-15,Defective
ORD-14742,2024-02-11,Defective
ORD-14743,2024-03-20,Defective
ORD-14746,2025-05-15,Wrong Item
ORD-14749,2025-03-06,Unsatisfied
ORD-14754,2025-01-12,Defective
ORD-14759,2024-08-13,Delayed Delivery
ORD-14761,2024-09-29,Delayed Delivery
ORD-14764,2024-01-31,Defective
ORD-14786,2026-06-05,Wrong Item
ORD-14788,2026-06-06,Delayed Delivery
ORD-14799,2024-11-12,Delayed Delivery
ORD-14811,2024-03-15,Delayed Delivery
ORD-14818,2025-09-29,Defective
ORD-14831,2024-04-02,Delayed Delivery
ORD-14839,2024-11-24,Defective
ORD-14845,2024-11-18,Unsatisfied
ORD-14860,2025-06-19,Unsatisfied
ORD-14861,2024-12-08,Delayed Delivery
ORD-14879,2025-05-25,Delayed Delivery
ORD-14891,2026-04-13,Delayed Delivery
ORD-14913,2024-07-14,Wrong Item
ORD-14917,2025-08-28,Unsatisfied
ORD-14918,2024-07-08,Defective
ORD-14921,2024-06-16,Delayed Delivery
ORD-14928,2024-06-12,Unsatisfied
ORD-14930,2025-05-31,Delayed Delivery
ORD-14946,2024-11-13,Unsatisfied
ORD-14951,2025-03-11,Unsatisfied
ORD-14955,2024-04-19,Wrong Item
ORD-14956,2025-02-10,Unsatisfied
ORD-14969,2024-07-15,Unsatisfied
ORD-14977,2024-09-10,Defective
ORD-14979,2024-10-26,Defective
ORD-14981,2024-05-23,Delayed Delivery
ORD-14983,2024-05-30,Delayed Delivery
ORD-14984,2024-10-15,Wrong Item
ORD-14989,2026-01-06,Wrong Item
ORD-14991,2025-03-16,Defective
ORD-15004,2024-01-10,Unsatisfied
ORD-15009,2024-06-13,Defective
ORD-15013,2025-04-25,Unsatisfied
ORD-15018,2025-02-20,Defective
ORD-15023,2025-05-11,Delayed Delivery
ORD-15030,2024-09-28,Wrong Item
ORD-15042,2026-03-06,Delayed Delivery
ORD-15044,2024-07-06,Wrong Item
ORD-15048,2024-11-28,Wrong Item
ORD-15051,2024-12-26,Delayed Delivery
ORD-15061,2025-03-17,Delayed Delivery
ORD-15064,2024-10-29,Defective
ORD-15069,2026-06-01,Defective
ORD-15075,2024-05-24,Defective
ORD-15077,2024-08-03,Defective
ORD-15088,2024-05-13,Defective
ORD-15113,2024-12-26,Delayed Delivery
ORD-15116,2024-08-02,Defective
ORD-15119,2024-11-07,Defective
ORD-15140,2024-03-10,Delayed Delivery
ORD-15145,2026-01-04,Delayed Delivery
ORD-15152,2024-06-07,Wrong Item
ORD-15178,2024-06-01,Unsatisfied
ORD-15206,2024-01-31,Unsatisfied
ORD-15214,2024-02-18,Delayed Delivery
ORD-15219,2024-05-06,Delayed Delivery
ORD-15222,2025-11-06,Wrong Item
ORD-15223,2024-10-12,Defective
ORD-15225,2024-03-22,Defective
ORD-15235,2025-10-14,Unsatisfied
ORD-15239,2024-07-02,Delayed Delivery
ORD-15242,2025-07-14,Unsatisfied
ORD-15252,2026-05-29,Wrong Item
ORD-15253,2024-04-23,Delayed Delivery
ORD-15261,2025-11-01,Wrong Item
ORD-15265,2025-04-19,Unsatisfied
ORD-15266,2024-06-07,Wrong Item
ORD-15271,2024-02-10,Delayed Delivery
ORD-15279,2025-05-05,Delayed Delivery
ORD-15285,2024-08-29,Unsatisfied
ORD-15296,2025-10-02,Delayed Delivery
ORD-15309,2024-02-19,Defective
ORD-15310,2024-05-18,Wrong Item
ORD-15320,2024-09-17,Unsatisfied
ORD-15329,2024-06-22,Defective
ORD-15330,2024-02-04,Delayed Delivery
ORD-15343,2024-03-24,Delayed Delivery
ORD-15349,2024-09-03,Unsatisfied
ORD-15359,2024-08-07,Delayed Delivery
ORD-15383,2024-06-20,Defective
ORD-15402,2024-06-03,Defective
ORD-15411,2024-05-11,Unsatisfied
ORD-15430,2024-03-01,Delayed Delivery
ORD-15435,2024-04-26,Wrong Item
ORD-15442,2025-01-05,Defective
ORD-15445,2026-03-29,Wrong Item
ORD-15453,2024-08-27,Wrong Item
ORD-15460,2024-12-03,Delayed Delivery
ORD-15473,2024-08-02,Wrong Item
ORD-15481,2024-03-19,Defective
ORD-15483,2024-11-22,Delayed Delivery
ORD-15486,2024-02-12,Defective
ORD-15503,2025-05-07,Wrong Item
ORD-15518,2024-11-27,Delayed Delivery
ORD-15521,2024-04-18,Delayed Delivery
ORD-15540,2025-01-02,Defective
ORD-15557,2024-09-09,Unsatisfied
ORD-15580,2026-05-17,Unsatisfied
ORD-15582,2025-04-21,Unsatisfied
ORD-15593,2024-06-04,Defective
ORD-15598,2025-11-19,Delayed Delivery
ORD-15617,2024-12-08,Unsatisfied
ORD-15624,2024-02-19,Unsatisfied
ORD-15627,2024-07-15,Wrong Item
ORD-15628,2024-05-25,Delayed Delivery
ORD-15638,2025-12-25,Unsatisfied
ORD-15640,2024-04-22,Delayed Delivery
ORD-15646,2024-02-24,Delayed Delivery
ORD-15654,2026-06-10,Delayed Delivery
ORD-15657,2026-01-11,Wrong Item
ORD-15670,2024-08-28,Defective
ORD-15677,2025-10-22,Delayed Delivery
ORD-15681,2025-08-03,Defective
ORD-15695,2025-07-21,Defective
ORD-15702,2025-03-17,Defective
ORD-15703,2025-03-02,Defective
ORD-15704,2024-03-09,Defective
ORD-15714,2024-05-11,Defective
ORD-15737,2026-02-13,Delayed Delivery
ORD-15746,2025-05-21,Wrong Item
ORD-15751,2025-05-12,Unsatisfied
ORD-15753,2025-02-10,Defective
ORD-15760,2024-08-05,Delayed Delivery
ORD-15771,2024-09-14,Unsatisfied
ORD-15782,2024-03-26,Wrong Item
ORD-15784,2024-02-18,Wrong Item
ORD-15793,2026-03-02,Delayed Delivery
ORD-15810,2024-05-20,Defective
ORD-15817,2025-01-30,Defective
ORD-15820,2024-04-08,Wrong Item
ORD-15823,2024-11-02,Delayed Delivery
ORD-15830,2024-06-05,Delayed Delivery
ORD-15847,2026-05-07,Wrong Item
ORD-15849,2026-05-20,Wrong Item
ORD-15861,2024-04-02,Unsatisfied
ORD-15865,2026-05-30,Defective
ORD-15870,2026-03-08,Defective
ORD-15887,2026-02-15,Defective
ORD-15895,2024-08-17,Wrong Item
ORD-15898,2024-12-23,Wrong Item
ORD-15904,2024-07-01,Defective
ORD-15913,2026-04-22,Unsatisfied
ORD-15919,2024-03-31,Wrong Item
ORD-15932,2026-03-15,Wrong Item
ORD-15943,2024-09-19,Unsatisfied
ORD-15963,2025-12-18,Delayed Delivery
ORD-15979,2026-04-15,Defective
ORD-15989,2024-03-02,Unsatisfied
ORD-15992,2026-02-07,Delayed Delivery
ORD-16007,2026-06-07,Delayed Delivery
ORD-16012,2024-08-12,Unsatisfied
ORD-16018,2025-12-08,Unsatisfied
ORD-16023,2026-01-26,Defective
ORD-16032,2024-06-02,Defective
ORD-16036,2025-05-09,Wrong Item
ORD-16046,2024-08-07,Unsatisfied
ORD-16059,2024-09-25,Defective
ORD-16066,2024-05-18,Delayed Delivery
ORD-16069,2025-06-29,Defective
ORD-16070,2024-12-05,Unsatisfied
ORD-16079,2026-06-06,Defective
ORD-16094,2024-07-16,Defective
ORD-16098,2024-11-27,Unsatisfied
ORD-16099,2024-02-20,Unsatisfied
ORD-16103,2024-04-03,Delayed Delivery
ORD-16120,2024-04-06,Delayed Delivery
ORD-16133,2025-06-15,Defective
ORD-16143,2025-04-21,Delayed Delivery
ORD-16148,2024-06-21,Defective
ORD-16158,2025-09-30,Wrong Item
ORD-16159,2025-11-08,Delayed Delivery
ORD-16160,2024-02-09,Wrong Item
ORD-16163,2025-02-03,Unsatisfied
ORD-16169,2024-08-12,Unsatisfied
ORD-16172,2024-04-04,Defective
ORD-16179,2024-06-20,Defective
ORD-16184,2025-05-20,Delayed Delivery
ORD-16205,2024-03-20,Delayed Delivery
ORD-16208,2024-12-29,Defective
ORD-16211,2024-09-24,Wrong Item
ORD-16213,2024-12-20,Delayed Delivery
ORD-16218,2024-01-27,Unsatisfied
ORD-16245,2024-03-11,Delayed Delivery
ORD-16252,2024-11-28,Delayed Delivery
ORD-16274,2025-10-18,Delayed Delivery
ORD-16281,2025-08-26,Wrong Item
ORD-16285,2024-01-16,Defective
ORD-16289,2024-05-30,Delayed Delivery
ORD-16290,2025-02-28,Unsatisfied
ORD-16293,2026-05-13,Unsatisfied
ORD-16306,2024-02-09,Delayed Delivery
ORD-16310,2025-11-06,Delayed Delivery
ORD-16317,2025-04-24,Delayed Delivery
ORD-16319,2024-08-15,Unsatisfied
ORD-16323,2025-06-17,Wrong Item
ORD-16327,2025-12-11,Delayed Delivery
ORD-16330,2025-07-10,Delayed Delivery
ORD-16333,2026-05-31,Wrong Item
ORD-16339,2024-07-30,Wrong Item
ORD-16340,2024-08-26,Wrong Item
ORD-16345,2026-02-27,Wrong Item
ORD-16349,2024-05-31,Delayed Delivery
ORD-16352,2024-07-03,Defective
ORD-16358,2024-05-10,Unsatisfied
ORD-16363,2026-05-26,Wrong Item
ORD-16390,2025-02-20,Unsatisfied
ORD-16397,2026-03-12,Wrong Item
ORD-16400,2025-08-05,Delayed Delivery
ORD-16407,2024-05-07,Defective
ORD-16418,2024-07-17,Unsatisfied
ORD-16424,2025-02-06,Unsatisfied
ORD-16435,2026-04-11,Defective
ORD-16439,2024-07-05,Unsatisfied
ORD-16460,2026-06-01,Wrong Item
ORD-16463,2025-08-22,Defective
ORD-16465,2026-05-30,Wrong Item
ORD-16470,2024-03-26,Delayed Delivery
ORD-16475,2025-03-14,Delayed Delivery
ORD-16476,2025-07-12,Defective
ORD-16492,2025-09-07,Defective
ORD-16518,2024-11-01,Wrong Item
ORD-16521,2024-01-29,Defective
ORD-16527,2025-09-07,Unsatisfied
ORD-16539,2024-07-19,Delayed Delivery
ORD-16542,2025-07-13,Delayed Delivery
ORD-16552,2024-03-05,Unsatisfied
ORD-16554,2024-12-17,Delayed Delivery
ORD-16560,2024-05-18,Defective
ORD-16561,2024-06-26,Delayed Delivery
ORD-16574,2025-02-16,Unsatisfied
ORD-16576,2026-02-06,Wrong Item
ORD-16577,2024-08-02,Wrong Item
ORD-16580,2024-11-17,Defective
ORD-16582,2024-03-29,Wrong Item
ORD-16605,2025-04-06,Delayed Delivery
ORD-16606,2024-08-23,Defective
ORD-16609,2024-11-23,Wrong Item
ORD-16612,2025-07-06,Wrong Item
ORD-16616,2024-02-18,Delayed Delivery
ORD-16621,2025-06-12,Defective
ORD-16622,2024-10-20,Wrong Item
ORD-16626,2025-02-23,Defective
ORD-16644,2026-06-02,Unsatisfied
ORD-16663,2026-06-09,Defective
ORD-16672,2025-09-19,Unsatisfied
ORD-16683,2025-09-26,Defective
ORD-16686,2026-01-30,Defective
ORD-16699,2026-06-06,Delayed Delivery
ORD-16731,2025-02-22,Unsatisfied
ORD-16737,2026-05-19,Delayed Delivery
ORD-16738,2024-10-01,Delayed Delivery
ORD-16753,2024-07-04,Delayed Delivery
ORD-16756,2024-06-17,Defective
ORD-16757,2024-11-13,Delayed Delivery
ORD-16763,2024-08-18,Delayed Delivery
ORD-16772,2025-10-26,Defective
ORD-16783,2026-06-03,Defective
ORD-16788,2025-01-06,Wrong Item
ORD-16793,2026-06-05,Wrong Item
ORD-16799,2024-03-28,Defective
ORD-16805,2024-04-28,Delayed Delivery
ORD-16810,2024-02-26,Unsatisfied
ORD-16822,2024-08-02,Wrong Item
ORD-16836,2024-09-28,Delayed Delivery
ORD-16842,2024-11-24,Delayed Delivery
ORD-16843,2025-08-21,Defective
ORD-16845,2024-03-29,Defective
ORD-16851,2024-04-03,Unsatisfied
ORD-16873,2024-02-23,Delayed Delivery
ORD-16891,2024-03-24,Wrong Item
ORD-16907,2024-04-03,Unsatisfied
ORD-16915,2024-11-09,Defective
ORD-16922,2024-05-20,Wrong Item
ORD-16926,2024-09-09,Wrong Item
ORD-16935,2025-04-28,Wrong Item
ORD-16936,2025-09-01,Unsatisfied
ORD-16939,2026-05-20,Delayed Delivery
ORD-16975,2024-06-05,Unsatisfied
ORD-16977,2026-04-01,Unsatisfied
ORD-16988,2024-07-17,Defective
ORD-16990,2024-08-20,Wrong Item
ORD-17003,2025-01-03,Delayed Delivery
ORD-17009,2024-06-30,Defective
ORD-17013,2024-09-27,Unsatisfied
ORD-17032,2024-01-16,Unsatisfied
ORD-17039,2024-12-01,Unsatisfied
ORD-17041,2025-02-26,Unsatisfied
ORD-17057,2024-10-26,Delayed Delivery
ORD-17065,2025-01-19,Delayed Delivery
ORD-17077,2024-06-25,Unsatisfied
ORD-17078,2026-01-11,Unsatisfied
ORD-17080,2024-01-22,Delayed Delivery
ORD-17092,2024-03-09,Defective
ORD-17107,2025-11-19,Wrong Item
ORD-17113,2025-12-08,Defective
ORD-17114,2024-11-17,Defective
ORD-17120,2026-01-12,Unsatisfied
ORD-17121,2026-06-08,Delayed Delivery
ORD-17124,2025-04-02,Delayed Delivery
ORD-17128,2025-09-15,Defective
ORD-17133,2024-10-31,Unsatisfied
ORD-17141,2024-04-27,Unsatisfied
ORD-17145,2026-05-31,Wrong Item
ORD-17147,2024-11-26,Wrong Item
ORD-17148,2024-11-07,Unsatisfied
ORD-17153,2024-07-30,Wrong Item
ORD-17159,2024-06-11,Defective
ORD-17170,2026-06-09,Defective
ORD-17181,2024-04-19,Delayed Delivery
ORD-17182,2024-06-29,Wrong Item
ORD-17184,2025-08-09,Wrong Item
ORD-17195,2024-06-03,Defective
ORD-17197,2024-03-23,Wrong Item
ORD-17198,2025-06-06,Unsatisfied
ORD-17201,2025-12-06,Wrong Item
ORD-17202,2024-09-22,Delayed Delivery
ORD-17205,2026-05-15,Defective
ORD-17209,2024-07-28,Defective
ORD-17215,2025-08-04,Unsatisfied
ORD-17216,2025-05-31,Defective
ORD-17219,2025-02-10,Unsatisfied
ORD-17220,2024-05-17,Defective
ORD-17224,2024-04-22,Wrong Item
ORD-17226,2024-05-06,Delayed Delivery
ORD-17234,2024-10-06,Delayed Delivery
ORD-17238,2024-04-06,Wrong Item
ORD-17251,2024-03-10,Delayed Delivery
ORD-17267,2025-01-06,Unsatisfied
ORD-17270,2024-12-22,Unsatisfied
ORD-17271,2026-06-02,Delayed Delivery
ORD-17273,2024-02-18,Unsatisfied
ORD-17274,2024-01-16,Defective
ORD-17276,2025-04-27,Wrong Item
ORD-17278,2025-06-24,Defective
ORD-17291,2024-12-03,Delayed Delivery
ORD-17294,2025-05-03,Defective
ORD-17303,2024-05-27,Defective
ORD-17310,2024-08-30,Delayed Delivery
ORD-17312,2024-02-03,Wrong Item
ORD-17314,2024-10-06,Wrong Item
ORD-17319,2026-01-29,Wrong Item
ORD-17320,2024-04-09,Defective
ORD-17346,2025-01-10,Defective
ORD-17365,2025-02-09,Defective
ORD-17376,2024-07-03,Unsatisfied
ORD-17387,2024-02-01,Wrong Item
ORD-17395,2025-02-01,Delayed Delivery
ORD-17422,2025-04-08,Defective
ORD-17429,2024-08-15,Wrong Item
ORD-17434,2024-09-07,Unsatisfied
ORD-17438,2025-05-24,Unsatisfied
ORD-17444,2025-01-19,Wrong Item
ORD-17457,2025-09-09,Defective
ORD-17469,2025-07-10,Defective
ORD-17470,2024-07-22,Wrong Item
ORD-17484,2024-05-07,Unsatisfied
ORD-17490,2024-04-24,Wrong Item
ORD-17491,2024-08-27,Unsatisfied
ORD-17492,2026-06-06,Unsatisfied
ORD-17517,2025-02-18,Unsatisfied
ORD-17533,2025-11-10,Wrong Item
ORD-17537,2024-01-27,Wrong Item
ORD-17552,2024-04-01,Wrong Item
ORD-17559,2026-03-13,Delayed Delivery
ORD-17561,2024-09-27,Delayed Delivery
ORD-17566,2026-05-14,Wrong Item
ORD-17584,2026-03-19,Wrong Item
ORD-17586,2024-03-19,Defective
ORD-17588,2024-07-31,Defective
ORD-17599,2024-02-01,Delayed Delivery
ORD-17602,2024-09-15,Defective
ORD-17607,2025-03-12,Unsatisfied
ORD-17611,2024-11-01,Unsatisfied
ORD-17614,2025-12-05,Delayed Delivery
ORD-17617,2024-02-06,Defective
ORD-17624,2024-10-16,Delayed Delivery
ORD-17638,2024-05-26,Wrong Item
ORD-17641,2024-08-22,Delayed Delivery
ORD-17646,2024-01-27,Unsatisfied
ORD-17647,2024-11-12,Wrong Item
ORD-17664,2024-02-06,Delayed Delivery
ORD-17670,2024-05-19,Defective
ORD-17671,2024-02-25,Delayed Delivery
ORD-17674,2025-08-01,Unsatisfied
ORD-17697,2024-07-10,Defective
ORD-17711,2024-06-19,Delayed Delivery
ORD-17712,2025-04-28,Wrong Item
ORD-17717,2024-11-01,Defective
ORD-17731,2025-07-25,Unsatisfied
ORD-17734,2025-01-15,Wrong Item
ORD-17736,2025-02-01,Wrong Item
ORD-17738,2024-11-13,Defective
ORD-17742,2024-08-22,Unsatisfied
ORD-17746,2024-06-30,Defective
ORD-17748,2025-10-22,Defective
ORD-17757,2024-09-10,Wrong Item
ORD-17766,2024-11-15,Delayed Delivery
ORD-17768,2024-05-12,Delayed Delivery
ORD-17776,2025-09-24,Unsatisfied
ORD-17782,2025-07-30,Defective
ORD-17786,2026-03-09,Defective
ORD-17812,2024-10-03,Unsatisfied
ORD-17816,2024-05-07,Wrong Item
ORD-17820,2026-06-12,Unsatisfied
ORD-17854,2025-05-20,Defective
ORD-17856,2024-05-13,Delayed Delivery
ORD-17857,2024-03-17,Delayed Delivery
ORD-17868,2025-02-20,Wrong Item
ORD-17880,2025-01-29,Delayed Delivery
ORD-17902,2026-02-12,Unsatisfied
ORD-17914,2024-07-25,Wrong Item
ORD-17920,2025-01-25,Unsatisfied
ORD-17935,2026-02-27,Delayed Delivery
ORD-17955,2025-10-06,Wrong Item
ORD-17957,2025-06-30,Defective
ORD-17959,2025-12-09,Defective
ORD-17973,2024-01-29,Wrong Item
ORD-17985,2025-01-15,Wrong Item
ORD-17990,2025-05-30,Wrong Item
